"month","total_orders","total_revenue"
"2022-03","153","94810.0"
"2022-04","41929","2.6234121E7"
"2022-05","36158","2.3948113E7"
"2022-06","31464","2.0773941E7"
